model,size,lr,opt,activation,nni,window,seq_len,hydro,k,best_epoch,train_loss,train_accuracy,train_std,valid_loss,valid_accuracy,val_std,test_loss,test_accuracy,test_std
ltc,32,0.05,Adam,sigmoid,inv,11, 2, 0, 0.2, 3,0.8710711598396301,0.5538110335186934,0.0007314926378403172,0.891676664352417,0.5413839736172431,0.018354542645424965,0.7603381276130676,0.6215083745604787, 0.01812571381417247
ltc,32,0.05,Adam,sigmoid,inv,11, 4, 0, 0.2, 1,0.9076151251792908,0.5341223976928229,0.0005168265718382319,0.9415605068206787,0.5282637800214108,0.012949876419716764,0.7688782215118408,0.6256906024658878, 0.012717768067604579
ltc,32,0.05,Adam,sigmoid,inv,11, 8, 0, 0.2, 4,0.8914614319801331,0.5556211788247984,0.00036095626957990067,0.9445875287055969,0.5473509908511939,0.009057540191812275,0.7728663086891174,0.633108087488123, 0.008858539875820665
ltc,32,0.05,Adam,sigmoid,inv,11, 10, 0, 0.2, 3,0.9020562171936035,0.5540210869079677,0.00032161367400690194,0.969124436378479,0.5377135182805507,0.008082649455336141,0.7678716778755188,0.6350267354179832, 0.00787210231422022
